{
    "usuario1": {
        "nombre": "giuli",
        "contra": "giulo10waw",
        "ultimo_puntaje": -1.0,
        "total_respuestas_correctas": 153,
        "total_puntaje_acumulado": 312.10749999999996,
        "total_de_veces_jugadas": 22,
        "total_aciertos": 153,
        "total_errores": 155,
        "puntaje_max": 107.0,
        "porcentaje_winrate": 58.0,
        "rango": "Oro\ud83e\udd47"
    },
    "usuario2": {
        "nombre": "tobi",
        "contra": "123",
        "ultimo_puntaje": 48.51,
        "total_respuestas_correctas": 192,
        "total_puntaje_acumulado": 987.51,
        "total_de_veces_jugadas": 19,
        "total_aciertos": 192,
        "total_errores": 46,
        "puntaje_max": 140.0,
        "porcentaje_winrate": 84.2,
        "rango": "Leyenda\ud83d\udc8e"
    },
    "usuario3": {
        "nombre": "gonza",
        "contra": "123",
        "ultimo_puntaje": 5.75,
        "total_respuestas_correctas": 6,
        "total_puntaje_acumulado": 5.75,
        "total_de_veces_jugadas": 1,
        "total_aciertos": 6,
        "total_errores": 6,
        "puntaje_max": 5.75,
        "porcentaje_winrate": 50.0,
        "rango": "Unranked"
    },
    "usuario4": {
        "nombre": "fausto",
        "contra": "mamapapa123",
        "ultimo_puntaje": 20.19,
        "total_respuestas_correctas": 11,
        "total_puntaje_acumulado": 20.1875,
        "total_de_veces_jugadas": 1,
        "total_aciertos": 11,
        "total_errores": 1,
        "puntaje_max": 20.1875,
        "porcentaje_winrate": 91.7,
        "rango": "Unranked"
    },
    "usuario5": {
        "nombre": "",
        "contra": "",
        "ultimo_puntaje": 0,
        "total_respuestas_correctas": 0,
        "total_puntaje_acumulado": 0,
        "total_de_veces_jugadas": 0,
        "total_aciertos": 0,
        "total_errores": 0,
        "puntaje_max": 0,
        "porcentaje_winrate": 0.0,
        "rango": "Unranked"
    },
    "usuario6": {
        "nombre": "",
        "contra": "",
        "ultimo_puntaje": 0,
        "total_respuestas_correctas": 0,
        "total_puntaje_acumulado": 0,
        "total_de_veces_jugadas": 0,
        "total_aciertos": 0,
        "total_errores": 0,
        "puntaje_max": 0,
        "porcentaje_winrate": 0.0,
        "rango": "Unranked"
    }
}